"Berichtshafen";"Wien";;;;;;;;;;;;;;;;;;;;;;;;;;;;;;"Graz";;;;;;;;;;;;;;;;;;;;;;;;;;;;;;"Klagenfurt";;;;;;;;;;;;;;;;;;;;;;;;;;;;;;"Linz";;;;;;;;;;;;;;;;;;;;;;;;;;;;;;"Innsbruck";;;;;;;;;;;;;;;;;;;;;;;;;;;;;;"Salzburg";;;;;;;;;;;;;;;;;;;;;;;;;;;;;;
"Verkehrsbeziehung";"ankommend";;;;;;;;;;"abgehend";;;;;;;;;;"Transit ankommend";;;;;;;;;;"ankommend";;;;;;;;;;"abgehend";;;;;;;;;;"Transit ankommend";;;;;;;;;;"ankommend";;;;;;;;;;"abgehend";;;;;;;;;;"Transit ankommend";;;;;;;;;;"ankommend";;;;;;;;;;"abgehend";;;;;;;;;;"Transit ankommend";;;;;;;;;;"ankommend";;;;;;;;;;"abgehend";;;;;;;;;;"Transit ankommend";;;;;;;;;;"ankommend";;;;;;;;;;"abgehend";;;;;;;;;;"Transit ankommend";;;;;;;;;;
"Werte";"Fl�ge";"Fl�ge - Anmerkungen";"Passagiere nach Streckenzielen";"Passagiere nach Streckenzielen - Anmerkungen";"Passagiere nach Endzielen";"Passagiere nach Endzielen - Anmerkungen";"Fracht in kg";"Fracht in kg - Anmerkungen";"Post in kg";"Post in kg - Anmerkungen";"Fl�ge";"Fl�ge - Anmerkungen";"Passagiere nach Streckenzielen";"Passagiere nach Streckenzielen - Anmerkungen";"Passagiere nach Endzielen";"Passagiere nach Endzielen - Anmerkungen";"Fracht in kg";"Fracht in kg - Anmerkungen";"Post in kg";"Post in kg - Anmerkungen";"Fl�ge";"Fl�ge - Anmerkungen";"Passagiere nach Streckenzielen";"Passagiere nach Streckenzielen - Anmerkungen";"Passagiere nach Endzielen";"Passagiere nach Endzielen - Anmerkungen";"Fracht in kg";"Fracht in kg - Anmerkungen";"Post in kg";"Post in kg - Anmerkungen";"Fl�ge";"Fl�ge - Anmerkungen";"Passagiere nach Streckenzielen";"Passagiere nach Streckenzielen - Anmerkungen";"Passagiere nach Endzielen";"Passagiere nach Endzielen - Anmerkungen";"Fracht in kg";"Fracht in kg - Anmerkungen";"Post in kg";"Post in kg - Anmerkungen";"Fl�ge";"Fl�ge - Anmerkungen";"Passagiere nach Streckenzielen";"Passagiere nach Streckenzielen - Anmerkungen";"Passagiere nach Endzielen";"Passagiere nach Endzielen - Anmerkungen";"Fracht in kg";"Fracht in kg - Anmerkungen";"Post in kg";"Post in kg - Anmerkungen";"Fl�ge";"Fl�ge - Anmerkungen";"Passagiere nach Streckenzielen";"Passagiere nach Streckenzielen - Anmerkungen";"Passagiere nach Endzielen";"Passagiere nach Endzielen - Anmerkungen";"Fracht in kg";"Fracht in kg - Anmerkungen";"Post in kg";"Post in kg - Anmerkungen";"Fl�ge";"Fl�ge - Anmerkungen";"Passagiere nach Streckenzielen";"Passagiere nach Streckenzielen - Anmerkungen";"Passagiere nach Endzielen";"Passagiere nach Endzielen - Anmerkungen";"Fracht in kg";"Fracht in kg - Anmerkungen";"Post in kg";"Post in kg - Anmerkungen";"Fl�ge";"Fl�ge - Anmerkungen";"Passagiere nach Streckenzielen";"Passagiere nach Streckenzielen - Anmerkungen";"Passagiere nach Endzielen";"Passagiere nach Endzielen - Anmerkungen";"Fracht in kg";"Fracht in kg - Anmerkungen";"Post in kg";"Post in kg - Anmerkungen";"Fl�ge";"Fl�ge - Anmerkungen";"Passagiere nach Streckenzielen";"Passagiere nach Streckenzielen - Anmerkungen";"Passagiere nach Endzielen";"Passagiere nach Endzielen - Anmerkungen";"Fracht in kg";"Fracht in kg - Anmerkungen";"Post in kg";"Post in kg - Anmerkungen";"Fl�ge";"Fl�ge - Anmerkungen";"Passagiere nach Streckenzielen";"Passagiere nach Streckenzielen - Anmerkungen";"Passagiere nach Endzielen";"Passagiere nach Endzielen - Anmerkungen";"Fracht in kg";"Fracht in kg - Anmerkungen";"Post in kg";"Post in kg - Anmerkungen";"Fl�ge";"Fl�ge - Anmerkungen";"Passagiere nach Streckenzielen";"Passagiere nach Streckenzielen - Anmerkungen";"Passagiere nach Endzielen";"Passagiere nach Endzielen - Anmerkungen";"Fracht in kg";"Fracht in kg - Anmerkungen";"Post in kg";"Post in kg - Anmerkungen";"Fl�ge";"Fl�ge - Anmerkungen";"Passagiere nach Streckenzielen";"Passagiere nach Streckenzielen - Anmerkungen";"Passagiere nach Endzielen";"Passagiere nach Endzielen - Anmerkungen";"Fracht in kg";"Fracht in kg - Anmerkungen";"Post in kg";"Post in kg - Anmerkungen";"Fl�ge";"Fl�ge - Anmerkungen";"Passagiere nach Streckenzielen";"Passagiere nach Streckenzielen - Anmerkungen";"Passagiere nach Endzielen";"Passagiere nach Endzielen - Anmerkungen";"Fracht in kg";"Fracht in kg - Anmerkungen";"Post in kg";"Post in kg - Anmerkungen";"Fl�ge";"Fl�ge - Anmerkungen";"Passagiere nach Streckenzielen";"Passagiere nach Streckenzielen - Anmerkungen";"Passagiere nach Endzielen";"Passagiere nach Endzielen - Anmerkungen";"Fracht in kg";"Fracht in kg - Anmerkungen";"Post in kg";"Post in kg - Anmerkungen";"Fl�ge";"Fl�ge - Anmerkungen";"Passagiere nach Streckenzielen";"Passagiere nach Streckenzielen - Anmerkungen";"Passagiere nach Endzielen";"Passagiere nach Endzielen - Anmerkungen";"Fracht in kg";"Fracht in kg - Anmerkungen";"Post in kg";"Post in kg - Anmerkungen";"Fl�ge";"Fl�ge - Anmerkungen";"Passagiere nach Streckenzielen";"Passagiere nach Streckenzielen - Anmerkungen";"Passagiere nach Endzielen";"Passagiere nach Endzielen - Anmerkungen";"Fracht in kg";"Fracht in kg - Anmerkungen";"Post in kg";"Post in kg - Anmerkungen";"Fl�ge";"Fl�ge - Anmerkungen";"Passagiere nach Streckenzielen";"Passagiere nach Streckenzielen - Anmerkungen";"Passagiere nach Endzielen";"Passagiere nach Endzielen - Anmerkungen";"Fracht in kg";"Fracht in kg - Anmerkungen";"Post in kg";"Post in kg - Anmerkungen";"Fl�ge";"Fl�ge - Anmerkungen";"Passagiere nach Streckenzielen";"Passagiere nach Streckenzielen - Anmerkungen";"Passagiere nach Endzielen";"Passagiere nach Endzielen - Anmerkungen";"Fracht in kg";"Fracht in kg - Anmerkungen";"Post in kg";"Post in kg - Anmerkungen";
"Zeit";
"Okt.20";3485;;189852;;-;;8973683;;263459;;3501;;186206;;186206;;4151760;;323601;;-;;2049;;-;;2649757;;1972;;167;;4896;;-;;232;;-;;167;;5048;;5048;;267;;-;;-;;62;;-;;-;;-;;54;;1547;;-;;-;;-;;54;;1845;;1845;;-;;-;;-;;-;;-;;-;;-;;52;;206;;-;;271957;;-;;52;;95;;95;;823597;;-;;-;;-;;-;;74979;;-;;64;;2104;;-;;-;;-;;67;;1861;;1861;;-;;-;;-;;33;;-;;-;;-;;139;;7577;;-;;6;;-;;139;;7522;;7522;;191;;-;;-;;-;;-;;-;;-;;
"J�n.15";8067;;647770;;-;;8267872;;442267;;8088;;665168;;665168;;5656526;;696778;;-;;10744;;-;;2800291;;10678;;465;;22829;;-;;2274;;-;;464;;24595;;24595;;4967;;-;;-;;192;;-;;-;;-;;172;;7401;;-;;-;;-;;169;;8167;;8167;;-;;-;;-;;-;;-;;-;;-;;332;;12924;;-;;152274;;-;;329;;13492;;13492;;252599;;71;;-;;95;;-;;207795;;-;;800;;79597;;-;;5384;;-;;794;;78768;;78768;;8166;;-;;-;;-;;-;;-;;-;;1079;;110463;;-;;6143;;-;;1076;;111963;;111963;;7245;;-;;-;;651;;-;;-;;-;;
"Feb.15";7588;;648292;;-;;8050323;;327083;;7591;;641529;;641529;;6031509;;550532;;-;;8638;;-;;2132581;;12875;;485;;26019;;-;;3269;;-;;485;;26546;;26546;;41415;;-;;-;;106;;-;;-;;-;;141;;7609;;-;;-;;-;;142;;7472;;7472;;-;;-;;-;;-;;-;;-;;-;;305;;13833;;-;;162450;;-;;305;;13735;;13735;;289845;;-;;-;;631;;-;;229624;;-;;730;;80805;;-;;5333;;-;;732;;79110;;79110;;8645;;-;;-;;-;;-;;-;;-;;957;;104958;;-;;7738;;-;;957;;103404;;103404;;9787;;-;;-;;849;;-;;-;;-;;
"M�r.15";9158;;829841;;-;;9673026;;422436;;9166;;840002;;840002;;7685281;;665667;;-;;8608;;-;;2017649;;4729;;583;;32081;;-;;3233;;-;;579;;33400;;33400;;5943;;-;;-;;276;;-;;-;;-;;165;;8985;;-;;-;;-;;165;;9278;;9278;;-;;-;;-;;1;;-;;-;;-;;354;;15636;;-;;177970;;-;;355;;16960;;16960;;314007;;11;;-;;122;;-;;121701;;-;;769;;78343;;-;;5050;;-;;775;;85597;;85597;;6698;;-;;-;;-;;-;;-;;-;;965;;90598;;-;;4002;;-;;968;;102504;;102504;;11085;;-;;-;;1149;;-;;-;;-;;
"Apr.15";9660;;968666;;-;;9240698;;365986;;9655;;939079;;939079;;7623395;;630755;;-;;7488;;-;;2148089;;6349;;608;;37528;;-;;2556;;-;;609;;37651;;37651;;5264;;-;;-;;93;;-;;-;;-;;181;;8342;;-;;-;;-;;182;;8865;;8865;;-;;-;;-;;74;;-;;-;;-;;314;;18135;;-;;177494;;62;;313;;19500;;19500;;437886;;-;;-;;379;;-;;326232;;-;;426;;28497;;-;;5601;;-;;427;;37364;;37364;;5512;;-;;-;;358;;-;;-;;-;;705;;53689;;-;;7903;;-;;704;;58778;;58778;;9462;;-;;-;;806;;-;;-;;-;;
"Mai.15";10154;;1028933;;-;;8890056;;346455;;10163;;1034353;;1034353;;7418343;;604550;;-;;6445;;-;;2343522;;6002;;698;;43891;;-;;105973;;-;;697;;44287;;44287;;4187;;-;;-;;789;;-;;-;;-;;198;;10317;;-;;-;;-;;196;;9938;;9938;;-;;-;;-;;-;;-;;-;;-;;365;;24477;;-;;142962;;-;;366;;26785;;26785;;442446;;-;;-;;960;;-;;284042;;-;;380;;22887;;-;;5638;;-;;379;;24413;;24413;;6516;;-;;-;;529;;-;;-;;-;;752;;62379;;-;;5807;;-;;750;;66201;;66201;;9144;;-;;-;;1207;;-;;-;;-;;
"Jun.15";10350;;1072703;;-;;8234441;;327343;;10340;;1088332;;1088332;;7373319;;575495;;-;;9863;;-;;2628950;;11653;;796;;50393;;-;;2110;;-;;797;;51615;;51615;;9351;;-;;-;;2804;;-;;-;;-;;193;;10139;;-;;-;;-;;195;;9734;;9734;;-;;-;;-;;33;;-;;-;;-;;444;;31712;;-;;159019;;-;;444;;32579;;32579;;478704;;-;;-;;1642;;-;;271339;;-;;455;;32187;;-;;3452;;-;;456;;30186;;30186;;7903;;-;;-;;734;;-;;-;;-;;830;;75047;;-;;5426;;-;;832;;70179;;70179;;11289;;-;;-;;1929;;-;;-;;-;;
"Jul.15";10617;;1148006;;-;;8086651;;360601;;10623;;1206850;;1206850;;8005201;;594977;;-;;8929;;-;;2440536;;14127;;803;;51393;;-;;6091;;-;;800;;54672;;54672;;9009;;-;;-;;1490;;-;;-;;-;;227;;12887;;-;;-;;-;;224;;12024;;12024;;-;;-;;-;;49;;-;;-;;-;;427;;30166;;-;;194663;;-;;427;;31829;;31829;;539665;;-;;-;;1281;;-;;322926;;-;;447;;31204;;-;;4109;;-;;445;;31362;;31362;;6967;;-;;-;;682;;-;;-;;-;;876;;77699;;-;;13658;;-;;876;;79281;;79281;;13388;;-;;-;;1120;;-;;-;;-;;
"Aug.15";10452;;1190318;;-;;8693188;;349175;;10452;;1187135;;1187135;;7428710;;592034;;-;;8803;;-;;2029804;;-;;758;;51187;;-;;2653;;-;;758;;51222;;51222;;5575;;-;;-;;1707;;-;;-;;-;;242;;11639;;-;;-;;-;;244;;13009;;13009;;-;;-;;-;;98;;-;;-;;-;;426;;34502;;-;;174109;;168;;426;;34760;;34760;;479305;;150;;-;;2052;;-;;279918;;-;;405;;31140;;-;;4254;;-;;407;;32565;;32565;;5699;;-;;-;;1165;;-;;-;;-;;833;;80248;;-;;7721;;-;;833;;83375;;83375;;14110;;-;;-;;1126;;-;;-;;-;;
"Sep.15";10430;;1161538;;-;;9679945;;385544;;10427;;1110127;;1110127;;7659891;;659867;;-;;8135;;-;;2297978;;9342;;784;;54690;;-;;2244;;-;;785;;50229;;50229;;134897;;-;;-;;1869;;-;;-;;-;;193;;10952;;-;;-;;-;;192;;10851;;10851;;-;;-;;-;;36;;-;;-;;-;;402;;32022;;-;;189329;;-;;402;;28752;;28752;;533703;;6;;-;;915;;-;;319822;;-;;431;;31166;;-;;3624;;-;;430;;30024;;30024;;8231;;-;;-;;895;;-;;-;;-;;772;;74357;;-;;9183;;-;;772;;70772;;70772;;11710;;-;;-;;920;;-;;-;;-;;
"Dez.15";8249;;781849;;-;;8270643;;546607;;8232;;795755;;795755;;7711615;;968193;;-;;8366;;-;;1901285;;13233;;449;;27316;;-;;5427;;-;;453;;26845;;26845;;6145;;-;;-;;213;;-;;-;;-;;150;;8084;;-;;-;;-;;152;;7320;;7320;;-;;-;;-;;-;;-;;-;;-;;203;;10675;;-;;177811;;-;;206;;10403;;10403;;323612;;63;;-;;-;;-;;88968;;-;;502;;48620;;-;;2878;;-;;502;;35643;;35643;;6561;;-;;-;;-;;-;;-;;-;;765;;75927;;-;;5636;;-;;767;;61593;;61593;;7615;;-;;-;;369;;-;;-;;-;;
"Okt.15";10010;;1008224;;-;;10176745;;454056;;9998;;1016874;;1016874;;8171769;;742791;;-;;8704;;-;;2116394;;2985;;706;;44994;;-;;3536;;-;;708;;42823;;42823;;6545;;-;;-;;1174;;-;;-;;-;;192;;9890;;-;;-;;-;;193;;10096;;10096;;-;;-;;-;;6;;-;;-;;-;;338;;21219;;-;;190142;;-;;339;;19928;;19928;;524693;;-;;-;;716;;-;;316325;;-;;308;;18998;;-;;6159;;-;;307;;17914;;17914;;6063;;-;;-;;476;;-;;-;;-;;685;;56729;;-;;10858;;-;;685;;56929;;56929;;9593;;-;;-;;1618;;-;;-;;-;;
"Nov.15";8669;;836539;;-;;10169429;;458574;;8672;;823965;;823965;;8075827;;784257;;-;;8307;;-;;1935977;;12212;;541;;32420;;-;;3925;;-;;541;;33286;;33286;;7185;;-;;-;;562;;-;;-;;-;;179;;7669;;-;;-;;-;;178;;7957;;7957;;-;;-;;-;;-;;-;;-;;-;;270;;13175;;-;;172013;;-;;269;;13430;;13430;;364798;;-;;-;;424;;-;;289812;;-;;274;;15133;;-;;3897;;-;;275;;14749;;14749;;6192;;-;;-;;144;;-;;-;;-;;559;;45199;;-;;9199;;-;;558;;43751;;43751;;5698;;-;;-;;542;;-;;-;;-;;
"Aug.20";5251;;403641;;-;;7207429;;190369;;5243;;392826;;392826;;3477418;;226883;;-;;1249;;-;;2308872;;2967;;138;;6069;;-;;453;;-;;137;;6807;;6807;;58;;-;;-;;167;;-;;-;;-;;19;;1448;;-;;-;;-;;19;;1777;;1777;;-;;-;;-;;-;;-;;-;;-;;62;;516;;-;;181352;;-;;62;;604;;604;;658996;;-;;-;;560;;-;;44339;;-;;96;;5743;;-;;-;;-;;97;;6014;;6014;;-;;-;;-;;76;;-;;-;;-;;190;;15038;;-;;1010;;-;;191;;15284;;15284;;500;;-;;-;;382;;-;;-;;-;;
"Sep.20";4672;;291590;;-;;8282777;;246737;;4673;;268986;;268986;;3841715;;311794;;-;;1671;;-;;2646186;;1748;;144;;6437;;-;;1070;;-;;146;;6473;;6473;;904;;-;;-;;170;;-;;-;;-;;38;;1826;;-;;-;;-;;38;;1903;;1903;;-;;-;;-;;-;;-;;-;;-;;57;;528;;-;;266612;;-;;57;;505;;505;;758620;;-;;-;;231;;-;;56214;;-;;89;;4868;;-;;-;;-;;88;;4484;;4484;;-;;-;;-;;27;;-;;-;;-;;167;;12411;;-;;784;;-;;167;;11198;;11198;;625;;-;;-;;102;;-;;-;;-;;
"Jul.20";3811;;272979;;-;;7028664;;169940;;3837;;302835;;302835;;3683998;;168571;;-;;556;;-;;3062673;;3480;;132;;4614;;-;;548;;-;;131;;5394;;5394;;96;;-;;-;;104;;-;;-;;-;;14;;1461;;-;;-;;-;;14;;1255;;1255;;-;;-;;-;;-;;-;;-;;-;;62;;245;;-;;232884;;-;;62;;320;;320;;648403;;-;;-;;362;;-;;54643;;-;;94;;4062;;-;;-;;-;;91;;4662;;4662;;-;;-;;-;;14;;-;;-;;-;;146;;7995;;-;;1967;;-;;144;;10356;;10356;;251;;-;;-;;26;;-;;-;;-;;
"Jun.20";1227;;67452;;-;;6140635;;97844;;1226;;70646;;70646;;3097602;;113067;;-;;26;;-;;2494594;;14420;;35;;652;;-;;-;;-;;35;;404;;404;;-;;-;;-;;34;;-;;-;;-;;-;;-;;-;;-;;-;;-;;-;;-;;-;;-;;-;;-;;-;;-;;-;;44;;-;;-;;216536;;-;;44;;30;;30;;640485;;-;;-;;-;;-;;53364;;-;;9;;220;;-;;-;;-;;9;;272;;272;;-;;-;;-;;-;;-;;-;;-;;14;;851;;-;;-;;-;;14;;782;;782;;-;;-;;-;;-;;-;;-;;-;;
"Mai.20";526;;10449;;-;;8057490;;84960;;541;;9554;;9554;;2788430;;47076;;-;;199;;-;;2707675;;18059;;7;;18;;-;;-;;-;;7;;13;;13;;-;;-;;-;;-;;-;;-;;-;;-;;-;;-;;-;;-;;-;;-;;-;;-;;-;;-;;-;;-;;-;;-;;46;;723;;-;;232391;;-;;46;;-;;-;;562617;;-;;-;;-;;-;;63270;;-;;-;;-;;-;;-;;-;;-;;-;;-;;-;;-;;-;;-;;-;;-;;-;;11;;138;;-;;-;;-;;11;;109;;109;;-;;-;;-;;-;;-;;-;;-;;
"Apr.20";481;;7921;;-;;7461797;;51595;;479;;4666;;4666;;2687438;;36259;;-;;45;;-;;1717184;;9326;;5;;2;;-;;-;;-;;6;;3;;3;;-;;-;;-;;9;;-;;-;;-;;-;;-;;-;;-;;-;;-;;-;;-;;-;;-;;-;;-;;-;;-;;-;;63;;-;;-;;201113;;-;;63;;-;;-;;540368;;-;;-;;-;;-;;94299;;-;;1;;143;;-;;-;;-;;1;;-;;-;;-;;-;;-;;-;;-;;-;;-;;2;;6;;-;;-;;-;;2;;5;;5;;-;;-;;-;;-;;-;;-;;-;;
"M�r.20";5257;;417687;;-;;9267442;;413679;;5221;;389577;;389577;;5988065;;242310;;-;;1402;;-;;2493134;;8876;;241;;12428;;-;;579;;-;;243;;11164;;11164;;1001;;-;;-;;6;;-;;-;;-;;58;;2600;;-;;-;;-;;59;;2956;;2956;;-;;-;;-;;-;;-;;-;;-;;117;;3692;;-;;191550;;-;;119;;3230;;3230;;348511;;-;;-;;-;;-;;80956;;-;;415;;31847;;-;;-;;-;;423;;45246;;45246;;-;;-;;-;;-;;-;;-;;-;;543;;39466;;-;;5199;;-;;546;;56171;;56171;;5202;;-;;-;;-;;-;;-;;-;;
"Feb.20";9319;;1013895;;-;;7976761;;563876;;9308;;1002546;;1002546;;7087077;;428172;;-;;1020;;-;;1930839;;15961;;492;;30461;;-;;3870;;-;;493;;30380;;30380;;2813;;-;;-;;145;;-;;-;;-;;110;;7222;;-;;-;;-;;110;;7443;;7443;;-;;-;;-;;-;;-;;-;;-;;211;;10766;;-;;183260;;-;;211;;9971;;9971;;464665;;-;;-;;98;;-;;56055;;-;;837;;98817;;-;;-;;-;;837;;97829;;97829;;-;;-;;-;;-;;-;;-;;-;;1073;;130470;;-;;5807;;-;;1072;;128362;;128362;;12892;;-;;-;;20;;-;;-;;-;;
"J�n.20";9743;;1036730;;-;;8585086;;856136;;9764;;1053590;;1053590;;5888958;;625878;;-;;3353;;-;;2337162;;19412;;524;;30589;;-;;3288;;-;;519;;31524;;31524;;3093;;-;;-;;1;;-;;-;;-;;127;;7323;;-;;-;;-;;126;;8138;;8138;;-;;-;;-;;-;;-;;-;;-;;197;;9068;;-;;215490;;-;;195;;9072;;9072;;362129;;-;;-;;46;;-;;126329;;-;;797;;87941;;-;;-;;-;;790;;87770;;87770;;-;;-;;-;;-;;-;;-;;-;;995;;110395;;-;;3874;;-;;995;;111986;;111986;;6115;;-;;-;;-;;-;;-;;-;;
"Dez.19";10339;;1221377;;-;;8554752;;1176808;;10327;;1238659;;1238659;;7848314;;772392;;-;;6779;;-;;2551613;;26107;;488;;31718;;-;;3669;;-;;493;;30803;;30803;;8412;;-;;-;;2;;-;;-;;-;;114;;7399;;-;;-;;-;;115;;6400;;6400;;-;;-;;-;;-;;-;;-;;-;;192;;8942;;-;;197473;;-;;194;;8788;;8788;;332960;;-;;-;;-;;-;;382465;;-;;559;;63088;;-;;-;;-;;560;;48344;;48344;;-;;-;;-;;-;;-;;-;;-;;760;;84869;;-;;4785;;-;;760;;69421;;69421;;6460;;-;;-;;-;;-;;-;;-;;
"Nov.19";10309;;1220495;;-;;10851396;;923467;;10291;;1165334;;1165334;;8153378;;618802;;-;;5379;;-;;3120816;;21621;;563;;40067;;-;;3053;;-;;565;;39435;;39435;;7628;;-;;-;;85;;-;;-;;-;;101;;5761;;-;;-;;-;;101;;5859;;5859;;-;;-;;-;;-;;-;;-;;-;;226;;12670;;-;;223243;;-;;226;;11869;;11869;;436088;;17;;-;;199;;-;;50725;;-;;299;;21461;;-;;-;;-;;299;;20775;;20775;;-;;-;;-;;-;;-;;-;;-;;516;;41783;;-;;6796;;-;;517;;39985;;39985;;4140;;-;;-;;109;;-;;-;;-;;
"Okt.19";11786;;1407398;;-;;10454559;;955215;;11771;;1433942;;1433942;;8738126;;682789;;-;;6717;;-;;2833303;;16603;;658;;45473;;-;;9563;;-;;658;;45376;;45376;;6147;;-;;-;;506;;-;;-;;-;;124;;8325;;-;;-;;-;;125;;8411;;8411;;-;;-;;-;;-;;-;;-;;-;;271;;15387;;-;;257712;;-;;272;;14995;;14995;;440858;;-;;-;;290;;-;;56310;;-;;309;;20874;;-;;-;;-;;310;;21156;;21156;;-;;-;;-;;47;;-;;-;;-;;600;;55649;;-;;3508;;-;;600;;54953;;54953;;7329;;-;;-;;34;;-;;-;;-;;
"Sep.19";12113;;1507344;;-;;9303071;;798294;;12118;;1461982;;1461982;;8723650;;555608;;-;;8085;;-;;2231128;;15706;;702;;55816;;-;;4985;;-;;701;;51951;;51951;;5081;;-;;-;;867;;-;;-;;-;;154;;10362;;-;;-;;-;;153;;10040;;10040;;-;;-;;-;;169;;-;;-;;-;;316;;25023;;-;;217509;;-;;315;;22744;;22744;;436682;;-;;-;;579;;-;;57588;;-;;389;;30640;;-;;-;;-;;390;;29786;;29786;;-;;-;;-;;-;;-;;-;;-;;667;;68240;;-;;3309;;-;;668;;66861;;66861;;6680;;-;;-;;-;;-;;-;;-;;
"Aug.19";12347;;1576999;;-;;9114719;;719501;;12349;;1564461;;1564461;;8182270;;532274;;-;;9550;;-;;2469249;;10962;;650;;49172;;-;;5894;;-;;650;;50058;;50058;;5117;;-;;-;;1147;;-;;-;;-;;156;;10281;;-;;-;;-;;157;;11009;;11009;;-;;-;;-;;153;;-;;-;;-;;324;;26991;;-;;203764;;-;;325;;26472;;26472;;320261;;-;;-;;741;;-;;43440;;-;;385;;31210;;-;;-;;-;;383;;32096;;32096;;-;;-;;-;;-;;-;;-;;-;;732;;74832;;-;;4787;;-;;732;;79050;;79050;;4906;;-;;-;;-;;-;;-;;-;;
"Jul.19";12589;;1546057;;-;;8539753;;539123;;12580;;1599911;;1599911;;8414766;;578673;;-;;15432;;-;;2807796;;47579;;716;;51366;;-;;4196;;-;;718;;55156;;55156;;5527;;-;;-;;941;;-;;-;;-;;161;;10807;;-;;-;;-;;161;;10389;;10389;;-;;-;;-;;84;;-;;-;;-;;359;;27358;;-;;223459;;-;;359;;27631;;27631;;411579;;-;;-;;983;;-;;62511;;-;;416;;33121;;-;;-;;-;;417;;33525;;33525;;-;;-;;-;;7;;-;;-;;-;;714;;72703;;-;;2131;;-;;713;;73389;;73389;;5999;;-;;-;;-;;-;;-;;-;;
"Jun.19";12153;;1469765;;-;;8891946;;517336;;12168;;1498996;;1498996;;7146695;;489484;;-;;16149;;-;;3264118;;60159;;718;;52982;;-;;4838;;-;;716;;52478;;52478;;8101;;-;;-;;1265;;-;;-;;-;;159;;10464;;-;;-;;-;;158;;9505;;9505;;-;;-;;-;;179;;-;;-;;-;;323;;25026;;-;;197641;;-;;322;;25770;;25770;;324118;;-;;-;;2210;;-;;45509;;-;;423;;34266;;-;;-;;-;;426;;33250;;33250;;-;;-;;-;;120;;-;;-;;-;;686;;68831;;-;;4125;;-;;686;;70440;;70440;;3523;;-;;-;;441;;-;;-;;-;;
"Apr.19";11421;;1356330;;-;;9380954;;738531;;11421;;1362308;;1362308;;7358567;;598195;;-;;25495;;-;;4007283;;68906;;595;;41608;;-;;2505;;-;;595;;42575;;42575;;3766;;-;;-;;515;;-;;-;;-;;120;;7418;;-;;-;;-;;121;;7202;;7202;;-;;-;;-;;-;;-;;-;;-;;265;;16304;;-;;210479;;-;;265;;17341;;17341;;380078;;-;;-;;496;;-;;61491;;-;;422;;35600;;-;;-;;-;;421;;42690;;42690;;-;;-;;-;;100;;-;;-;;-;;445;;40189;;-;;2172;;-;;447;;41829;;41829;;468;;-;;-;;-;;-;;-;;-;;
"Mai.19";12188;;1425302;;-;;9343426;;653232;;12189;;1426486;;1426486;;7636327;;554401;;-;;25239;;-;;3116819;;53656;;677;;47542;;-;;2136;;-;;678;;48709;;48709;;5864;;-;;-;;576;;-;;-;;-;;127;;8272;;-;;-;;-;;127;;8279;;8279;;-;;-;;-;;62;;-;;-;;-;;337;;23279;;-;;217527;;-;;337;;24512;;24512;;352915;;-;;-;;799;;-;;59534;;-;;359;;25147;;-;;-;;-;;356;;26685;;26685;;-;;-;;-;;3;;-;;-;;-;;56;;3791;;-;;795;;-;;53;;4699;;4699;;283;;-;;-;;-;;-;;-;;-;;
"M�r.19";10455;;1178714;;-;;10075533;;764344;;10454;;1164769;;1164769;;8235169;;546499;;-;;21776;;-;;3150952;;54854;;594;;37406;;-;;4777;;-;;594;;37738;;37738;;7899;;-;;-;;425;;-;;-;;-;;127;;8906;;-;;-;;-;;126;;9429;;9429;;-;;-;;-;;-;;-;;-;;-;;228;;12260;;-;;233463;;-;;228;;12681;;12681;;376831;;-;;-;;270;;-;;40203;;-;;901;;99860;;-;;-;;-;;901;;107944;;107944;;-;;-;;-;;12;;-;;-;;-;;1086;;111628;;-;;3164;;-;;1088;;128524;;128524;;4723;;-;;-;;-;;-;;-;;-;;
"Feb.19";8634;;933971;;-;;7275296;;646315;;8629;;922435;;922435;;7205366;;467516;;-;;7181;;-;;2064152;;5943;;486;;31301;;-;;5151;;-;;488;;31516;;31516;;7062;;-;;-;;229;;-;;-;;-;;118;;8055;;-;;-;;-;;118;;8294;;8294;;-;;-;;-;;-;;-;;-;;-;;195;;10245;;-;;176660;;-;;195;;10229;;10229;;401270;;-;;-;;519;;-;;38826;;-;;804;;94149;;-;;-;;-;;804;;90758;;90758;;-;;-;;-;;-;;-;;-;;-;;1026;;122172;;-;;5946;;-;;1025;;119802;;119802;;6081;;-;;-;;-;;-;;-;;-;;
"J�n.19";9071;;901486;;-;;8601458;;693862;;9100;;923196;;923196;;6703766;;609031;;-;;6228;;-;;2486100;;7213;;513;;29202;;-;;8088;;-;;505;;30485;;30485;;8003;;-;;-;;434;;-;;-;;-;;138;;8479;;-;;-;;-;;137;;9441;;9441;;-;;-;;-;;-;;-;;-;;-;;210;;10671;;-;;199501;;-;;208;;10821;;10821;;412148;;-;;-;;929;;-;;36366;;-;;787;;84048;;-;;2961;;-;;786;;83779;;83779;;1950;;-;;-;;-;;-;;-;;-;;1025;;111423;;-;;4445;;-;;1024;;112344;;112344;;5503;;-;;-;;-;;-;;200;;-;;
"Dez.18";9850;;1091538;;-;;8730920;;650304;;9821;;1113012;;1113012;;8419478;;755179;;-;;5871;;-;;2070608;;19755;;510;;32607;;-;;3153;;-;;515;;32305;;32305;;7393;;-;;-;;596;;-;;-;;-;;135;;8889;;-;;-;;-;;136;;7667;;7667;;-;;-;;-;;-;;-;;-;;-;;183;;10166;;-;;181338;;-;;185;;9446;;9446;;336113;;1;;-;;805;;-;;29094;;-;;583;;63364;;-;;1834;;-;;584;;48837;;48837;;1682;;-;;-;;-;;-;;-;;-;;803;;86013;;-;;4730;;-;;804;;71732;;71732;;7772;;-;;-;;119;;-;;-;;-;;
"Nov.18";10131;;1122163;;-;;10836106;;554669;;10125;;1063626;;1063626;;8512295;;612061;;-;;6869;;-;;2497251;;26557;;583;;40182;;-;;4561;;-;;586;;39565;;39565;;14234;;-;;-;;658;;-;;-;;-;;146;;7832;;-;;-;;-;;147;;8203;;8203;;-;;-;;-;;-;;-;;-;;-;;222;;12999;;-;;215495;;-;;222;;12500;;12500;;385334;;2;;-;;560;;-;;39598;;-;;312;;21704;;-;;1979;;-;;312;;20673;;20673;;3264;;-;;-;;-;;-;;-;;-;;560;;46283;;-;;6582;;-;;560;;42995;;42995;;8845;;-;;-;;-;;-;;-;;-;;
"Okt.18";11346;;1267718;;-;;11387441;;574741;;11338;;1309182;;1309182;;8847880;;570020;;-;;7041;;-;;1868784;;7043;;651;;46050;;-;;6527;;-;;650;;46228;;46228;;9410;;-;;-;;392;;-;;-;;-;;156;;9098;;-;;-;;-;;156;;9567;;9567;;-;;-;;-;;-;;-;;-;;-;;287;;18279;;-;;202125;;-;;288;;17629;;17629;;428353;;-;;-;;488;;-;;40246;;-;;319;;21994;;-;;1437;;-;;320;;22947;;22947;;4216;;-;;-;;36;;-;;-;;-;;653;;59568;;-;;8424;;-;;653;;60943;;60943;;7293;;-;;-;;57;;-;;-;;-;;
"Aug.18";11360;;1392459;;-;;9593792;;475909;;11365;;1381353;;1381353;;8247402;;524456;;-;;9650;;-;;1568020;;5487;;677;;50354;;-;;4933;;-;;680;;51788;;51788;;5946;;-;;-;;1522;;-;;-;;-;;173;;11307;;-;;-;;-;;173;;12111;;12111;;-;;-;;-;;-;;-;;-;;-;;355;;27541;;-;;195403;;-;;355;;27670;;27670;;415096;;-;;-;;877;;-;;49504;;-;;381;;31099;;-;;1226;;-;;379;;32490;;32490;;5265;;-;;-;;18;;-;;-;;-;;765;;75519;;-;;8736;;-;;765;;80295;;80295;;7142;;-;;-;;875;;-;;-;;-;;
"Sep.18";11214;;1368981;;-;;10610862;;504933;;11214;;1319080;;1319080;;8105798;;536168;;-;;8334;;-;;1826495;;9955;;717;;55462;;-;;4512;;-;;713;;51601;;51601;;57352;;-;;-;;1376;;-;;-;;-;;163;;10484;;-;;-;;-;;163;;10478;;10478;;-;;-;;-;;-;;-;;-;;-;;351;;27506;;-;;311202;;-;;351;;25488;;25488;;544448;;53;;-;;894;;-;;56724;;-;;411;;33354;;-;;896;;-;;413;;31647;;31647;;3632;;-;;-;;85;;-;;-;;-;;719;;70341;;-;;10700;;-;;719;;69394;;69394;;6148;;-;;-;;234;;-;;-;;-;;
"Jul.18";11203;;1331722;;-;;9929270;;513211;;11202;;1388277;;1388277;;9129455;;522874;;-;;10560;;-;;1917255;;3378;;712;;51348;;-;;7845;;-;;713;;55920;;55920;;5217;;-;;-;;1086;;-;;-;;-;;175;;12029;;-;;-;;-;;174;;11807;;11807;;-;;-;;-;;-;;-;;-;;-;;370;;27705;;-;;204255;;-;;368;;29080;;29080;;448444;;-;;-;;832;;-;;40209;;-;;420;;33783;;-;;2313;;-;;421;;34056;;34056;;5546;;-;;-;;-;;-;;-;;-;;750;;73553;;-;;6167;;-;;750;;74673;;74673;;6657;;-;;-;;464;;-;;-;;-;;
"Jun.18";10775;;1234652;;-;;10311735;;465077;;10773;;1252305;;1252305;;8428621;;517556;;-;;7856;;-;;1899609;;6630;;739;;51846;;-;;7258;;-;;737;;52096;;52096;;8707;;-;;-;;1596;;-;;-;;-;;153;;10205;;-;;-;;-;;154;;9732;;9732;;-;;-;;-;;-;;-;;-;;-;;361;;26332;;-;;210516;;-;;363;;27042;;27042;;407185;;-;;-;;1262;;-;;33774;;-;;430;;33504;;-;;3039;;-;;429;;32293;;32293;;6036;;-;;-;;69;;-;;-;;-;;704;;68041;;-;;7978;;-;;704;;66608;;66608;;10065;;-;;-;;796;;-;;7191;;791;;
"Mai.18";10524;;1149595;;-;;9534328;;545506;;10526;;1157825;;1157825;;7616939;;543504;;-;;5854;;-;;2435460;;16653;;676;;43575;;-;;3641;;-;;676;;45441;;45441;;9016;;-;;-;;595;;-;;-;;-;;153;;9801;;-;;-;;-;;152;;9366;;9366;;-;;-;;-;;-;;-;;-;;-;;317;;20442;;-;;189255;;-;;316;;22011;;22011;;435272;;-;;-;;809;;-;;44349;;-;;349;;23091;;-;;1105;;-;;350;;24105;;24105;;4138;;-;;-;;139;;-;;-;;-;;687;;60164;;-;;4776;;-;;689;;61752;;61752;;9451;;-;;-;;638;;-;;-;;-;;
"Apr.18";9779;;1086145;;-;;9757565;;624518;;9786;;1074180;;1074180;;8235150;;606875;;-;;7292;;-;;1847980;;11477;;587;;39557;;-;;2941;;-;;586;;41240;;41240;;7706;;-;;-;;503;;-;;-;;-;;146;;8705;;-;;-;;-;;146;;9657;;9657;;-;;-;;-;;-;;-;;-;;-;;274;;17725;;-;;209730;;77;;273;;18478;;18478;;453857;;-;;-;;227;;-;;38977;;-;;421;;31635;;-;;1623;;-;;423;;41782;;41782;;4075;;-;;-;;35;;-;;-;;-;;655;;53450;;-;;10104;;-;;653;;61186;;61186;;9372;;-;;-;;112;;-;;-;;-;;
"M�r.18";9016;;946913;;-;;9972369;;617823;;9016;;952628;;952628;;8943706;;629675;;-;;9074;;-;;1867995;;22261;;587;;38049;;-;;5346;;-;;590;;37869;;37869;;13407;;-;;-;;212;;-;;-;;-;;132;;9282;;-;;-;;-;;132;;9223;;9223;;-;;-;;-;;50;;-;;-;;-;;276;;15507;;-;;326452;;-;;277;;15990;;15990;;441270;;-;;-;;76;;-;;45564;;-;;840;;96340;;-;;1569;;-;;837;;100359;;100359;;4932;;-;;-;;35;;-;;-;;-;;1022;;107130;;-;;4117;;-;;1021;;118871;;118871;;11842;;-;;-;;15;;-;;-;;-;;
"Feb.18";7439;;742972;;-;;7908243;;509324;;7443;;732625;;732625;;7090794;;510018;;-;;7763;;-;;1405030;;12911;;499;;30363;;-;;7700;;-;;500;;30446;;30446;;9331;;-;;-;;265;;-;;-;;-;;116;;7872;;-;;-;;-;;116;;7974;;7974;;-;;-;;-;;-;;-;;-;;-;;228;;12313;;-;;195069;;68;;230;;12072;;12072;;412961;;-;;-;;615;;-;;64274;;-;;763;;89073;;-;;1754;;-;;764;;86469;;86469;;4922;;-;;-;;-;;-;;-;;-;;951;;110679;;-;;3150;;-;;953;;109917;;109917;;8932;;-;;-;;31;;-;;-;;-;;
"J�n.18";7867;;720745;;-;;8726162;;643270;;7891;;742996;;742996;;7044609;;683298;;-;;8461;;-;;1286439;;40357;;506;;28227;;-;;11933;;-;;498;;29419;;29419;;8196;;-;;-;;590;;-;;-;;-;;135;;8198;;-;;-;;-;;134;;8835;;8835;;-;;-;;-;;-;;-;;-;;-;;233;;11157;;-;;195853;;-;;229;;11344;;11344;;356951;;-;;-;;719;;-;;110393;;-;;783;;82688;;-;;1949;;-;;779;;81643;;81643;;4764;;-;;-;;-;;-;;-;;-;;959;;105056;;-;;7792;;-;;958;;106964;;106964;;7865;;-;;-;;-;;-;;-;;-;;
"Dez.17";8259;;868206;;-;;9373471;;676649;;8231;;880042;;880042;;8100149;;813236;;-;;9363;;-;;1258180;;30281;;473;;30352;;-;;3778;;-;;478;;30187;;30187;;6965;;-;;-;;1037;;-;;-;;-;;143;;8239;;-;;-;;-;;144;;7339;;7339;;-;;-;;-;;-;;-;;-;;-;;213;;11309;;-;;195794;;-;;216;;10737;;10737;;359233;;-;;-;;1405;;-;;98177;;-;;472;;49247;;-;;1711;;-;;474;;38362;;38362;;5602;;-;;-;;-;;-;;-;;-;;736;;85228;;-;;11638;;-;;737;;67550;;67550;;11919;;-;;-;;55;;-;;-;;-;;
"Nov.17";8749;;895409;;-;;10198986;;595283;;8758;;861938;;861938;;8374042;;671221;;-;;8232;;-;;1566191;;27561;;584;;37435;;-;;4782;;-;;585;;37672;;37672;;7339;;-;;-;;367;;-;;-;;-;;152;;6823;;-;;-;;-;;153;;7024;;7024;;-;;-;;-;;6;;-;;-;;-;;253;;14542;;-;;219545;;-;;253;;14237;;14237;;409009;;-;;-;;605;;-;;61703;;-;;295;;18462;;-;;2251;;-;;295;;17962;;17962;;4616;;-;;-;;-;;-;;-;;-;;483;;42535;;-;;6119;;-;;483;;40001;;40001;;9881;;-;;-;;75;;-;;-;;-;;
"Okt.17";10154;;1074409;;-;;9702991;;390046;;10137;;1101806;;1101806;;8505264;;647584;;-;;9363;;-;;1226141;;12614;;613;;41687;;-;;7503;;-;;613;;41705;;41705;;7307;;-;;-;;407;;-;;-;;-;;212;;10638;;-;;-;;-;;210;;11254;;11254;;-;;-;;-;;5;;-;;-;;-;;274;;16688;;-;;180440;;-;;271;;16646;;16646;;391484;;-;;-;;530;;-;;70365;;-;;313;;20822;;-;;2604;;-;;315;;20626;;20626;;4708;;-;;-;;410;;-;;-;;-;;724;;58240;;-;;7822;;-;;724;;59030;;59030;;14771;;-;;-;;249;;-;;-;;-;;
"Sep.17";10425;;1233512;;-;;9822409;;612739;;10420;;1185747;;1185747;;8572402;;657883;;-;;10877;;-;;1486056;;33283;;672;;50236;;-;;4362;;-;;673;;45924;;45924;;8761;;-;;-;;1053;;-;;-;;-;;188;;10721;;-;;-;;-;;190;;10714;;10714;;-;;-;;-;;1;;-;;-;;-;;327;;22025;;-;;197402;;-;;330;;20917;;20917;;352501;;-;;-;;970;;-;;429766;;-;;393;;28651;;-;;2212;;-;;392;;28272;;28272;;4554;;-;;-;;649;;-;;-;;-;;785;;73827;;-;;8361;;-;;786;;72007;;72007;;12041;;-;;-;;222;;-;;-;;-;;
"Aug.17";10437;;1246716;;-;;9060755;;531088;;10440;;1234273;;1234273;;8413661;;595072;;-;;6496;;-;;1300032;;23908;;611;;42658;;-;;4978;;-;;608;;43128;;43128;;7222;;-;;-;;1162;;-;;-;;-;;196;;10455;;-;;-;;-;;194;;11170;;11170;;-;;-;;-;;-;;-;;-;;-;;362;;20623;;-;;190428;;68;;362;;20599;;20599;;345584;;77;;-;;2147;;-;;397574;;-;;364;;27643;;-;;2286;;-;;365;;28092;;28092;;5935;;-;;-;;437;;-;;-;;-;;818;;75256;;-;;9384;;-;;818;;79962;;79962;;12783;;-;;-;;467;;-;;-;;-;;
"Jul.17";10569;;1239320;;-;;8658620;;553887;;10568;;1292744;;1292744;;8855393;;574780;;-;;10063;;-;;2040999;;30499;;681;;45272;;-;;5558;;-;;682;;48590;;48590;;6638;;-;;-;;1661;;-;;-;;-;;214;;11129;;-;;-;;-;;217;;10922;;10922;;-;;-;;-;;62;;-;;-;;-;;352;;20443;;-;;169612;;-;;351;;21363;;21363;;364270;;-;;-;;2379;;-;;409869;;-;;420;;31062;;-;;1929;;-;;421;;31101;;31101;;5831;;-;;-;;370;;-;;-;;-;;835;;77632;;-;;6258;;-;;834;;78016;;78016;;12035;;-;;-;;303;;-;;-;;-;;
"Jun.17";10211;;1135911;;-;;8910741;;541964;;10215;;1167406;;1167406;;8568042;;572485;;-;;8935;;-;;1690321;;10240;;640;;44411;;-;;3637;;-;;642;;45325;;45325;;7596;;-;;-;;1313;;-;;-;;-;;210;;10170;;-;;-;;-;;208;;9468;;9468;;-;;-;;-;;-;;-;;-;;-;;327;;20029;;-;;187316;;-;;329;;20730;;20730;;343927;;-;;-;;1123;;-;;406627;;-;;382;;27858;;-;;2695;;-;;382;;26864;;26864;;5994;;-;;-;;517;;-;;-;;-;;806;;74678;;-;;4718;;-;;806;;73405;;73405;;13365;;-;;-;;511;;-;;-;;-;;
"Mai.17";10254;;1114780;;-;;8384704;;508358;;10246;;1106097;;1106097;;8198079;;563788;;-;;6862;;-;;832888;;10534;;649;;45347;;-;;5520;;-;;648;;45753;;45753;;8476;;-;;-;;380;;-;;-;;-;;185;;9267;;-;;-;;-;;184;;9047;;9047;;-;;-;;-;;75;;-;;-;;-;;323;;18456;;-;;178677;;152;;322;;18484;;18484;;353271;;10;;-;;1009;;-;;422080;;-;;362;;22984;;-;;2445;;-;;361;;23872;;23872;;4043;;-;;-;;99;;-;;-;;-;;736;;64507;;-;;5851;;-;;735;;64545;;64545;;9746;;-;;-;;711;;-;;-;;-;;
"Apr.17";9314;;1056963;;-;;9348178;;465489;;9317;;1059137;;1059137;;8183049;;573020;;-;;4698;;-;;2143580;;26164;;586;;38702;;-;;5781;;-;;586;;39173;;39173;;9332;;-;;-;;554;;-;;-;;-;;169;;7946;;-;;-;;-;;169;;8187;;8187;;-;;-;;-;;167;;-;;-;;-;;268;;14289;;-;;168803;;-;;268;;16297;;16297;;316639;;-;;-;;175;;-;;360585;;-;;486;;40653;;-;;2110;;-;;490;;50439;;50439;;3388;;-;;-;;43;;-;;-;;-;;737;;65129;;-;;5812;;-;;739;;70181;;70181;;11353;;-;;-;;215;;-;;-;;-;;
"M�r.17";8745;;866592;;-;;10272633;;529195;;8760;;849206;;849206;;8625510;;617834;;-;;9505;;-;;1472342;;25629;;614;;38065;;-;;5045;;-;;614;;38528;;38528;;9039;;-;;-;;298;;-;;-;;-;;171;;8598;;-;;-;;-;;171;;9008;;9008;;-;;-;;-;;10;;-;;-;;-;;278;;13515;;-;;210974;;-;;278;;13673;;13673;;385316;;-;;-;;382;;-;;440327;;-;;867;;94158;;-;;3249;;-;;864;;98940;;98940;;4383;;-;;-;;43;;-;;-;;-;;1016;;101103;;-;;8495;;-;;1016;;113528;;113528;;10887;;-;;-;;-;;-;;-;;-;;
"Feb.17";7309;;692324;;-;;7732827;;442031;;7307;;690310;;690310;;6989508;;556897;;-;;9775;;-;;1170333;;24535;;504;;30755;;-;;4455;;-;;504;;30933;;30933;;10658;;-;;-;;359;;-;;-;;-;;165;;7660;;-;;-;;-;;165;;7693;;7693;;-;;-;;-;;15;;-;;-;;-;;238;;11797;;-;;174915;;1;;237;;11701;;11701;;325831;;82;;-;;768;;-;;363871;;-;;812;;93974;;-;;2486;;-;;809;;92911;;92911;;4796;;-;;-;;-;;-;;-;;-;;1042;;118181;;-;;3514;;-;;1044;;116412;;116412;;15975;;-;;-;;181;;-;;-;;-;;
"J�n.17";7860;;710347;;-;;7830242;;496062;;7883;;722632;;722632;;6236499;;686849;;-;;12133;;-;;1425415;;23902;;509;;28662;;-;;6182;;-;;502;;29492;;29492;;6952;;-;;-;;265;;-;;-;;-;;164;;6807;;-;;-;;-;;163;;7659;;7659;;-;;-;;-;;2;;-;;-;;-;;230;;10306;;-;;158789;;15;;228;;10637;;10637;;309626;;-;;-;;471;;-;;294570;;-;;851;;88995;;-;;4749;;-;;855;;88029;;88029;;4183;;-;;-;;-;;-;;-;;-;;1022;;108519;;-;;4510;;-;;1017;;107703;;107703;;10333;;-;;-;;-;;-;;-;;-;;
"Dez.16";8500;;861051;;-;;8342257;;636553;;8477;;870309;;870309;;7524430;;953090;;-;;9965;;-;;1486788;;13181;;483;;31636;;-;;6757;;-;;490;;30992;;30992;;8232;;-;;-;;308;;-;;-;;-;;162;;7597;;-;;-;;-;;163;;6608;;6608;;-;;-;;-;;166;;-;;-;;-;;208;;10555;;-;;181633;;-;;211;;10082;;10082;;481350;;-;;-;;498;;-;;80887;;-;;560;;57784;;-;;3939;;-;;557;;43905;;43905;;4103;;-;;-;;-;;-;;578;;-;;751;;78585;;-;;6060;;-;;754;;65822;;65822;;15176;;-;;-;;1;;-;;-;;-;;
"Nov.16";8782;;898259;;-;;10401296;;521687;;8785;;860213;;860213;;7577573;;765952;;-;;8441;;-;;1733956;;29474;;560;;37553;;-;;7219;;-;;561;;36691;;36691;;10872;;-;;-;;-;;-;;-;;-;;174;;6508;;-;;-;;-;;174;;6748;;6748;;-;;-;;-;;6;;-;;-;;-;;283;;14241;;-;;179160;;62;;283;;14079;;14079;;425070;;130;;-;;143;;-;;355644;;-;;277;;14825;;-;;2224;;-;;279;;14757;;14757;;3817;;-;;-;;-;;-;;-;;-;;520;;43148;;-;;4072;;-;;519;;41646;;41646;;12440;;-;;-;;74;;-;;-;;-;;
"Okt.16";10178;;1063085;;-;;11031470;;538719;;10171;;1094875;;1094875;;8125865;;643638;;-;;8850;;-;;1832317;;21312;;633;;45633;;-;;5990;;-;;633;;45044;;45044;;10004;;-;;-;;189;;-;;-;;-;;154;;6906;;-;;-;;-;;152;;7391;;7391;;-;;-;;-;;3;;-;;-;;-;;310;;17646;;-;;150870;;70;;310;;16425;;16425;;335987;;83;;-;;189;;-;;342237;;-;;299;;18247;;-;;3672;;-;;299;;17335;;17335;;2388;;-;;-;;29;;-;;-;;-;;566;;52050;;-;;7097;;-;;566;;52968;;52968;;16545;;-;;-;;178;;-;;-;;-;;
"Sep.16";10466;;1195506;;-;;9904551;;493140;;10467;;1147797;;1147797;;7894793;;594939;;-;;8724;;-;;2194996;;11945;;703;;55600;;-;;7412;;-;;703;;50216;;50216;;9124;;-;;-;;46;;-;;-;;-;;60;;3679;;-;;-;;-;;61;;3657;;3657;;-;;-;;-;;13;;-;;-;;-;;370;;26276;;-;;187345;;136;;370;;24322;;24322;;367626;;1612;;-;;165;;-;;376123;;-;;411;;29386;;-;;2868;;-;;410;;29727;;29727;;6356;;-;;-;;302;;-;;-;;-;;654;;68338;;-;;7916;;-;;655;;67284;;67284;;15663;;-;;-;;130;;-;;-;;-;;
"Aug.16";10409;;1192992;;-;;8744754;;451880;;10407;;1189045;;1189045;;7166490;;572570;;-;;9519;;-;;1510980;;19656;;646;;48665;;-;;5359;;-;;644;;48624;;48624;;9634;;-;;-;;340;;-;;-;;-;;190;;10074;;-;;-;;-;;191;;11162;;11162;;-;;-;;-;;8;;-;;-;;-;;376;;24968;;-;;169065;;-;;376;;25592;;25592;;367833;;61;;-;;541;;-;;302426;;-;;372;;28703;;-;;2890;;-;;373;;29588;;29588;;4515;;-;;-;;90;;-;;-;;-;;690;;67840;;-;;10455;;-;;689;;71386;;71386;;12215;;-;;-;;411;;-;;-;;-;;
"Jul.16";10470;;1184192;;-;;9316134;;422826;;10474;;1236790;;1236790;;7613220;;589270;;-;;10337;;-;;1876360;;2936;;703;;49658;;-;;11575;;-;;705;;54206;;54206;;9279;;-;;-;;410;;-;;-;;-;;194;;11388;;-;;-;;-;;193;;10678;;10678;;-;;-;;-;;4;;-;;-;;-;;392;;25177;;-;;177797;;-;;391;;26167;;26167;;355121;;-;;-;;1000;;-;;289166;;-;;448;;32442;;-;;3611;;-;;445;;32418;;32418;;4178;;-;;-;;75;;-;;-;;-;;706;;70041;;-;;5973;;-;;709;;70901;;70901;;16529;;-;;-;;432;;-;;-;;-;;
"Jun.16";10196;;1058000;;-;;10199025;;363897;;10195;;1084504;;1084504;;7237888;;591129;;-;;6043;;-;;1044206;;12217;;694;;49683;;-;;8680;;-;;694;;50320;;50320;;8233;;-;;-;;995;;-;;-;;-;;182;;9746;;-;;-;;-;;183;;9389;;9389;;-;;-;;-;;17;;-;;-;;-;;367;;21604;;-;;189049;;83;;368;;23204;;23204;;398105;;118;;-;;1245;;-;;335571;;-;;414;;27818;;-;;4324;;-;;417;;27778;;27778;;4200;;-;;-;;88;;-;;-;;-;;654;;64039;;-;;7967;;-;;652;;62721;;62721;;18480;;-;;-;;157;;-;;-;;-;;
"Mai.16";10310;;1048328;;-;;10440634;;408350;;10319;;1047354;;1047354;;7463720;;587295;;-;;6606;;-;;1584833;;16430;;650;;44338;;-;;6097;;-;;646;;43612;;43612;;96429;;-;;-;;284;;-;;-;;-;;198;;9756;;-;;-;;-;;196;;9190;;9190;;-;;-;;-;;337;;-;;-;;-;;356;;21365;;-;;209925;;-;;355;;22202;;22202;;346272;;-;;-;;533;;-;;271903;;-;;368;;22718;;-;;3131;;-;;367;;23264;;23264;;4602;;-;;-;;446;;-;;-;;-;;646;;57792;;-;;6483;;-;;645;;59112;;59112;;11895;;-;;-;;853;;-;;-;;-;;
"Apr.16";9484;;923645;;-;;10211388;;443584;;9475;;919831;;919831;;7858426;;666150;;-;;6815;;-;;1572078;;15884;;585;;36137;;-;;5367;;-;;587;;37718;;37718;;4494;;-;;-;;282;;-;;182;;-;;179;;7472;;-;;-;;-;;180;;7960;;7960;;-;;-;;-;;8;;-;;-;;-;;320;;16793;;-;;174817;;-;;321;;18564;;18564;;346417;;-;;-;;559;;-;;295910;;-;;407;;26026;;-;;3459;;-;;408;;36953;;36953;;3655;;-;;-;;43;;-;;-;;-;;658;;48795;;-;;5729;;-;;658;;55837;;55837;;18975;;-;;-;;129;;-;;-;;-;;
"M�r.16";8902;;860903;;-;;9202104;;426280;;8910;;842727;;842727;;7836019;;679856;;-;;7299;;-;;1589548;;17547;;548;;34963;;-;;38729;;-;;548;;34725;;34725;;6655;;-;;-;;192;;-;;-;;-;;171;;9223;;-;;-;;-;;170;;9083;;9083;;-;;-;;-;;-;;-;;-;;-;;249;;12900;;-;;192964;;-;;249;;12991;;12991;;372942;;113;;-;;131;;-;;141788;;-;;770;;81486;;-;;3187;;-;;769;;85170;;85170;;5085;;-;;-;;13;;-;;-;;-;;976;;98768;;-;;5030;;-;;977;;106782;;106782;;13233;;-;;-;;-;;-;;-;;-;;
"Feb.16";7709;;674452;;-;;7435608;;362975;;7693;;664661;;664661;;6769999;;577357;;-;;9688;;-;;1517537;;5593;;505;;29897;;-;;4542;;-;;505;;30273;;30273;;8462;;-;;-;;6;;-;;-;;-;;150;;7741;;-;;-;;-;;151;;7721;;7721;;-;;-;;-;;-;;-;;-;;-;;236;;11532;;-;;149161;;95;;236;;12093;;12093;;353793;;81;;-;;404;;-;;95172;;-;;778;;83376;;-;;3879;;-;;778;;80481;;80481;;7650;;-;;-;;-;;-;;-;;-;;985;;107575;;-;;5656;;-;;986;;105026;;105026;;13390;;-;;-;;184;;-;;-;;-;;
"J�n.16";7794;;657559;;-;;8060821;;389045;;7822;;673700;;673700;;6674162;;674046;;-;;8387;;-;;1458201;;8503;;455;;25611;;-;;3643;;-;;451;;26565;;26565;;6212;;-;;-;;294;;-;;-;;-;;163;;6995;;-;;-;;-;;161;;7618;;7618;;-;;-;;-;;137;;-;;-;;-;;228;;10103;;-;;140820;;-;;225;;10775;;10775;;275349;;2;;-;;404;;-;;228467;;-;;803;;80905;;-;;4046;;-;;804;;80518;;80518;;5900;;-;;-;;-;;-;;-;;-;;1049;;109989;;-;;6862;;-;;1046;;110087;;110087;;9229;;-;;-;;207;;-;;-;;-;;